,rmse,mae,accuracy
000001,0.22137679397010138,0.1333062582043395,0.9878299831231704
