,rmse,mae,accuracy
002415,0.6449725638324773,0.4757416457131771,0.9841170743689541
