,rmse,mae,accuracy
300750,9.142012739199208,5.647782170395739,0.976449051191469
