,rmse,mae,accuracy
600036,0.7935412506861211,0.5467909012273539,0.9822751377607661
