,rmse,mae,accuracy
600519,27.179822585576307,18.804449266951814,0.9870305090123721
