,rmse,mae,accuracy
603175,3.472025800651823,2.508447203636172,0.9690614490291382
