,rmse,mae,accuracy
AAPL,2.298960822622204,1.822764893121391,0.9893857529529324
