,rmse,mae,accuracy
ABBV,1.4183985574744775,0.9705236357279653,0.9933828268636714
