,rmse,mae,accuracy
WFC,0.6239517928572719,0.49466127834272594,0.9883451213606584
